radius_kpc,v_obs_kms,v_obs_err_kms,v_gas_kms,v_disk_kms,v_bulge_kms
0.68,55.0,8.0,3.5,45.2,0.0
1.36,92.0,6.0,8.2,74.8,0.0
2.04,115.0,5.0,13.5,91.2,0.0
2.72,128.0,4.0,18.7,100.4,0.0
3.40,136.0,4.0,23.5,104.8,0.0
4.08,142.0,3.0,27.8,106.1,0.0
5.44,148.0,3.0,34.8,103.5,0.0
6.80,150.0,3.0,39.8,97.6,0.0
8.16,151.0,3.0,43.2,90.4,0.0
9.52,151.0,3.0,45.2,83.2,0.0
10.88,150.0,3.0,46.1,76.5,0.0
12.24,149.0,3.0,46.2,70.3,0.0
13.60,149.0,3.0,45.7,64.8,0.0
14.96,149.0,3.0,44.8,59.9,0.0
16.32,150.0,3.0,43.7,55.4,0.0
17.68,150.0,3.0,42.5,51.4,0.0
19.04,150.0,3.0,41.2,47.8,0.0
20.40,149.0,3.0,39.9,44.5,0.0
23.12,148.0,3.0,37.3,38.8,0.0
25.84,147.0,4.0,34.8,34.0,0.0
28.56,147.0,4.0,32.4,29.9,0.0
31.28,148.0,4.0,30.2,26.4,0.0
34.00,149.0,5.0,28.2,23.4,0.0
36.72,150.0,5.0,26.4,20.8,0.0
39.44,149.0,6.0,24.7,18.6,0.0
