g_MHz,drive_units,delta_MHz,kappa_eng_kHz,purity,P_e
0.500000,0.000,-20.000000,0.000000,1.000000,1.000000
0.500000,0.000,-20.000000,200.000000,1.000000,1.000000
0.500000,0.000,0.000000,0.000000,1.000000,1.000000
0.500000,0.000,0.000000,200.000000,1.000000,1.000000
0.500000,0.000,20.000000,0.000000,1.000000,1.000000
0.500000,0.000,20.000000,200.000000,1.000000,1.000000
0.500000,0.500,-20.000000,0.000000,1.000000,1.000000
0.500000,0.500,-20.000000,200.000000,1.000000,1.000000
0.500000,0.500,0.000000,0.000000,1.000000,1.000000
0.500000,0.500,0.000000,200.000000,1.000000,1.000000
0.500000,0.500,20.000000,0.000000,1.000000,1.000000
0.500000,0.500,20.000000,200.000000,1.000000,1.000000
0.500000,1.000,-20.000000,0.000000,1.000000,1.000000
0.500000,1.000,-20.000000,200.000000,1.000000,1.000000
0.500000,1.000,0.000000,0.000000,1.000000,1.000000
0.500000,1.000,0.000000,200.000000,1.000000,1.000000
0.500000,1.000,20.000000,0.000000,1.000000,1.000000
0.500000,1.000,20.000000,200.000000,1.000000,1.000000
1.000000,0.000,-20.000000,0.000000,1.000000,1.000000
1.000000,0.000,-20.000000,200.000000,0.999999,1.000000
1.000000,0.000,0.000000,0.000000,1.000000,1.000000
1.000000,0.000,0.000000,200.000000,0.999999,1.000000
1.000000,0.000,20.000000,0.000000,1.000000,1.000000
1.000000,0.000,20.000000,200.000000,0.999999,1.000000
1.000000,0.500,-20.000000,0.000000,1.000000,1.000000
1.000000,0.500,-20.000000,200.000000,0.999999,1.000000
1.000000,0.500,0.000000,0.000000,1.000000,1.000000
1.000000,0.500,0.000000,200.000000,0.999999,1.000000
1.000000,0.500,20.000000,0.000000,1.000000,1.000000
1.000000,0.500,20.000000,200.000000,0.999999,1.000000
1.000000,1.000,-20.000000,0.000000,1.000000,1.000000
1.000000,1.000,-20.000000,200.000000,0.999999,1.000000
1.000000,1.000,0.000000,0.000000,1.000000,1.000000
1.000000,1.000,0.000000,200.000000,0.999999,1.000000
1.000000,1.000,20.000000,0.000000,1.000000,1.000000
1.000000,1.000,20.000000,200.000000,0.999999,1.000000
2.000000,0.000,-20.000000,0.000000,0.999999,0.999999
2.000000,0.000,-20.000000,200.000000,0.999997,0.999999
2.000000,0.000,0.000000,0.000000,0.999999,0.999999
2.000000,0.000,0.000000,200.000000,0.999997,0.999999
2.000000,0.000,20.000000,0.000000,0.999999,0.999999
2.000000,0.000,20.000000,200.000000,0.999997,0.999999
2.000000,0.500,-20.000000,0.000000,0.999999,0.999999
2.000000,0.500,-20.000000,200.000000,0.999997,0.999999
2.000000,0.500,0.000000,0.000000,0.999999,0.999999
2.000000,0.500,0.000000,200.000000,0.999997,0.999999
2.000000,0.500,20.000000,0.000000,0.999999,0.999999
2.000000,0.500,20.000000,200.000000,0.999997,0.999999
2.000000,1.000,-20.000000,0.000000,0.999999,0.999999
2.000000,1.000,-20.000000,200.000000,0.999997,0.999999
2.000000,1.000,0.000000,0.000000,0.999998,0.999999
2.000000,1.000,0.000000,200.000000,0.999997,0.999999
2.000000,1.000,20.000000,0.000000,0.999999,0.999999
2.000000,1.000,20.000000,200.000000,0.999997,0.999999
