galaxy_id,hubble_type,distance_mpc,disk_scale_length_kpc,v_flat_kms,log_l_36_solar,n_points,description
NGC2841,Sb,14.1,3.8,285.0,10.60,15,Massive bulge-dominated spiral
NGC3198,Sc,13.8,3.2,150.0,10.05,25,Canonical benchmark spiral (van Albada 1985)
NGC6503,Scd,5.3,1.2,116.0,9.75,28,Dwarf/intermediate field spiral
DDO154,IBm,4.0,1.1,52.0,7.65,18,Quintessential gas-dominated dwarf irregular
IC2574,SABm,4.0,2.1,65.0,8.90,22,Low surface brightness dwarf (slow rising)
NGC2403,Sc,3.2,2.0,134.0,9.80,25,Extended 21-cm HI rotation curve
NGC2903,SBbc,8.9,2.3,205.0,10.45,22,Barred spiral with high central baryonic density
NGC7331,Sb,14.7,4.4,240.0,10.75,20,Milky Way analogue with massive stellar disk & bulge
UGC2885,Sc,78.8,12.5,295.0,11.20,19,Rubin's Galaxy - gigantic high-luminosity disk
NGC1560,Sd,3.5,1.3,79.0,8.85,20,Dwarf spiral with distinctive baryonic features
